INSERT INTO ORBITES (ID_ORBITE, TYPE_ORBITE, ALTITUDE_KM, INCLINAISON_DEG, ZONE_COUVERTE) VALUES (1, 'SSO', 550.0, 97.6, 'Arctique');
INSERT INTO ORBITES (ID_ORBITE, TYPE_ORBITE, ALTITUDE_KM, INCLINAISON_DEG, ZONE_COUVERTE) VALUES (2, 'SSO', 600.0, 98.2, 'Europe');
INSERT INTO ORBITES (ID_ORBITE, TYPE_ORBITE, ALTITUDE_KM, INCLINAISON_DEG, ZONE_COUVERTE) VALUES (3, 'LEO', 450.0, 51.6, 'Atlantique');

INSERT INTO SATELLITES (ID_SATELLITE, NOM, STATUT, FORMAT_CUBESAT, ID_ORBITE, DATE_LANCEMENT, MASSE_KG) VALUES ('SAT-001', 'NanoClimate-1', 'OPERATIONNEL', 'U3', 1, DATE '2023-05-10', 4.5);
INSERT INTO SATELLITES (ID_SATELLITE, NOM, STATUT, FORMAT_CUBESAT, ID_ORBITE) VALUES ('SAT-002', 'NanoClimate-2', 'EN_VEILLE', 'U6', 2);
INSERT INTO SATELLITES (ID_SATELLITE, NOM, STATUT, FORMAT_CUBESAT, ID_ORBITE) VALUES ('SAT-003', 'NanoIce', 'OPERATIONNEL', 'U3', 1);
INSERT INTO SATELLITES (ID_SATELLITE, NOM, STATUT, FORMAT_CUBESAT, ID_ORBITE) VALUES ('SAT-004', 'NanoCoast', 'DEFAILLANT', 'U12', 3);
INSERT INTO SATELLITES (ID_SATELLITE, NOM, STATUT, FORMAT_CUBESAT, ID_ORBITE) VALUES ('SAT-005', 'LegacySat', 'DESORBITE', 'U1', 3);

INSERT INTO STATIONS_SOL (CODE_STATION, NOM, LATITUDE, LONGITUDE) VALUES ('FR-TLS', 'Toulouse', 43.6045, 1.4440);
INSERT INTO STATIONS_SOL (CODE_STATION, NOM, LATITUDE, LONGITUDE) VALUES ('SG-SIN', 'Singapore', 1.3521, 103.8198);
INSERT INTO STATIONS_SOL (CODE_STATION, NOM, LATITUDE, LONGITUDE) VALUES ('CA-MTL', 'Montreal', 45.5017, -73.5673);

INSERT INTO FENETRES_COM (ID_FENETRE, DATETIME_DEBUT, DUREE, STATUT, ID_SATELLITE, CODE_STATION, VOLUME_DONNEES)
VALUES (1, SYSTIMESTAMP + INTERVAL '1' HOUR, 500, 'PLANIFIEE', 'SAT-001', 'FR-TLS', NULL);
INSERT INTO FENETRES_COM (ID_FENETRE, DATETIME_DEBUT, DUREE, STATUT, ID_SATELLITE, CODE_STATION, VOLUME_DONNEES)
VALUES (2, SYSTIMESTAMP + INTERVAL '2' HOUR, 300, 'PLANIFIEE', 'SAT-002', 'SG-SIN', NULL);
INSERT INTO FENETRES_COM (ID_FENETRE, DATETIME_DEBUT, DUREE, STATUT, ID_SATELLITE, CODE_STATION, VOLUME_DONNEES)
VALUES (3, SYSTIMESTAMP - INTERVAL '4' HOUR, 600, 'REALISEE', 'SAT-003', 'CA-MTL', 800.0);
INSERT INTO FENETRES_COM (ID_FENETRE, DATETIME_DEBUT, DUREE, STATUT, ID_SATELLITE, CODE_STATION, VOLUME_DONNEES)
VALUES (4, SYSTIMESTAMP - INTERVAL '8' HOUR, 250, 'REALISEE', 'SAT-001', 'FR-TLS', 350.0);
INSERT INTO FENETRES_COM (ID_FENETRE, DATETIME_DEBUT, DUREE, STATUT, ID_SATELLITE, CODE_STATION, VOLUME_DONNEES)
VALUES (5, SYSTIMESTAMP - INTERVAL '1' DAY, 720, 'REALISEE', 'SAT-004', 'SG-SIN', 1200.0);

INSERT INTO ANOMALIES (ID_ANOMALIE, ID_SATELLITE, DATE_SIGNALEMENT, DESCRIPTION, STATUT)
VALUES (1, 'SAT-001', SYSTIMESTAMP - INTERVAL '2' DAY, 'Instabilite de telemetrie detectee.', 'OUVERTE');

COMMIT;
